scor	metoda	cale	titlu_local	->	titlu_youtube	id
0.00	none	CODIN&RAMO/Interviuri	Creative Monkeyz - Interviu	->		
0.00	none	RObotzi/Extras	PhooThay	->		
0.00	none	RObotzi/Sezonul 3	s03e19	->		
0.18	fuzzy	CODIN&RAMO/Conferinte	EECC 2015 Creative Monkeyz Panel - Part 2	->	Proiectul PUNCT #2 - LUMINILE!!!	vT8sECx8mjs
0.18	fuzzy	CODIN&RAMO/Conferinte	EECC 2015 Creative Monkeyz Panel - Part 3	->	Proiectul PUNCT #3 - Progrese	PXeVzNllJjA
0.18	fuzzy	CODIN&RAMO/Extras	Random AF1	->	DPS #1 - De Pe Stream: Random Clipe si Pedepse	rExmRZt_BwE
0.18	fuzzy	CODIN&RAMO/Interviuri	Interviu： Creative Monkeyz despre Gaming (HD 1080p)	->	Despre Conflictul din Siria	x9SS3XK2oMA
0.20	fuzzy	CODIN&RAMO/Conferinte	EECC 2015 Creative Monkeyz Panel - Part 1	->	IOBAGG - Battlefield 1	pCf7ZVoyKW4
0.20	fuzzy	CODIN&RAMO/Interviuri	Interviu： Creative Monkeyz despre IN GENERAL (HD 1080p)	->	DPS #4 - Reactie cu Avioane despre Sex in Nisip si Sunete Speciale	Y6JC2mu7i2g
0.20	fuzzy	CODIN&RAMO/Interviuri	Interviu： Creative Monkeyz despre RObotzi (HD 1080p)	->	Facem Jocul RObotzi!	-MSoZaGhBxc
0.22	fuzzy	CODIN&RAMO/Interviuri	Creative Monkeyz raspunde la intrebari	->	La Cafea 05 05 2016	hxO25TDzt-0
0.23	fuzzy	CODIN&RAMO/Interviuri	Jocuri video cu MO si F.O.C.A. [by Creative Monkeyz]	->	Q&A 4K    OFFICIAL MO SI FOCA ARATA CA OAMENI! Do you need a website?	-B-LsBZ7uvU
0.24	fuzzy	3lar/2013	01 - Pacific Rim, The Package, The Haunting in Connecticut 2	->	3LAR - Crawl 21: The World of Rim Bridges	jZAbV-iCUB4
0.25	fuzzy	CODIN&RAMO/Interviuri	de vorba cu Creative Monkeyz @ EECC 2014	->	3LAR - Godzilla si Arthur la un Glass de vorba	SAYCZ29j6s4
0.27	fuzzy	CODIN&RAMO/Interviuri	RObotzi si @CreativeMonkeyzArmy  la Observator @ Antena1	->	3LAR - Godzilla si Arthur la un Glass de vorba	SAYCZ29j6s4
0.29	fuzzy	CODIN&RAMO/Conferinte	Creative Monkeyz panel at East European Comic Con 2013	->	MiEZ - CM la Comic Con	zrK3Kg1p-TI
0.29	fuzzy	CODIN&RAMO/Extras	Istoria numelui Piramida - MiEZ (2011)	->	Piramida - KKTGRS	ciIo-ijDPbg
0.29	fuzzy	RObotzi/Songs	Misca-ti Placinta	->	CONCURS: IMAGINEAZA-TI ASTA!	Mui4yI2UqbQ
0.31	fuzzy	CODIN&RAMO/Conferinte	Ice Comic Con - Creative Monkeyz Panel Part 1	->	MiEZ - CM la Comic Con	zrK3Kg1p-TI
0.31	fuzzy	CODIN&RAMO/Conferinte	Ice Comic Con - Creative Monkeyz Panel Part 2	->	MiEZ - CM la Comic Con	zrK3Kg1p-TI
0.31	fuzzy	CODIN&RAMO/Conferinte	Ice Comic Con - Creative Monkeyz Panel Part 3	->	MiEZ - CM la Comic Con	zrK3Kg1p-TI
0.33	fuzzy	CODIN&RAMO/Conferinte	East European Comic Con 2016 - Creative Monkeyz	->	MiEZ - CM la Comic Con	zrK3Kg1p-TI
0.33	fuzzy	CODIN&RAMO/Interviuri	Interviu cu Codin de la Creative Monkeyz	->	La Cafea cu Bean (Subcarpati)	AhwTwlAJg_g
0.33	fuzzy	MiEZ	Miez El Iobag Dromadero	->	MiEZ Informativ	7Ntbk0HUzlE
0.36	fuzzy	CSP/Gameplay	Se poate face comeback？ - LOL cu Codin 	->	DePeStream - LOL cu SUSAN	LqOJVpCLwls
0.40	fuzzy	CODIN&RAMO/Conferinte	CreativeMonkeyz  la East European Comic Con 2018  part II i	->	MiEZ - CM la Comic Con	zrK3Kg1p-TI
0.40	fuzzy	CODIN&RAMO/PUNCT	02 - LUMINILE!!!	->	IOBAGGLIVE - RAID 02	MWXt4Ih2WZg
0.40	fuzzy	CODIN&RAMO/PUNCT	03 - Progrese	->	IOBAGG - WOLFENSTEIN 03	Q04ZJxeIo1g
0.43	fuzzy	CODIN&RAMO/Conferinte	CreativeMonkeyz  la East European Comic Con 2018  part I	->	MiEZ - CM la Comic Con	zrK3Kg1p-TI
0.44	fuzzy	CODIN&RAMO/Extras	La Cafea (Creative Monkeyz) - Instrumental	->	La Cafea 05 05 2016	hxO25TDzt-0
0.50	fuzzy	NinjaRamo/RFX	01 - Taieturi	->	RFX - Taieturi	RL_2S8eePoA
0.50	fuzzy	NinjaRamo/RFX	02 - Headshot	->	RFX - Headshot	SMxiP_7jP5Y
0.50	fuzzy	PIRAMIDA	02 - Dadada Dadada	->	Piramida - Dadada Dadada	BYIkZhfIC7c
0.50	fuzzy	PIRAMIDA	08 - #Cocainaucide	->	Piramida - #Cocainaucide	xNaREepZK2U
0.50	fuzzy	PIRAMIDA	12 - BORCANIE!	->	Piramida - BORCANIE!	3y1Q2dUtFGE
0.50	fuzzy	PIRAMIDA	13 - Graba	->	Piramida - Graba	8Rjo8cz0ZPc
0.50	fuzzy	PIRAMIDA	15 - ADiiiO!	->	Piramida - ADiiiO!	nfXRB1lEetk
0.50	fuzzy	PIRAMIDA	16 - Tratament	->	Piramida - Tratament	8h08FjhvSz0
0.50	fuzzy	PIRAMIDA	17 - Caldura	->	Piramida - Caldura	OXNhztwS5tQ
0.50	fuzzy	PIRAMIDA	18 - Beatbox	->	Piramida - Beatbox	AMzKDV0jYrY
0.50	fuzzy	PIRAMIDA	19 - Iubire	->	Piramida - Iubire	E_tXHqBG20U
0.50	fuzzy	PIRAMIDA	20 - Frica	->	Piramida - Frica	gpraZo-oUXc
0.50	fuzzy	PIRAMIDA	21 - Nostradamus	->	Piramida - Nostradamus	OXHyj3tljkY
0.50	fuzzy	PIRAMIDA	22 - Animalic	->	Piramida - Animalic	GBW893fHgvw
0.50	fuzzy	PIRAMIDA	23 - Fetele	->	Piramida - Fetele	JZDYfJTG7Q0
0.50	fuzzy	PIRAMIDA	24 - KKTGRS	->	Piramida - KKTGRS	ciIo-ijDPbg
0.50	fuzzy	RENDAM	[EN] Chameleon	->	Rendam - Chameleon	hPKDa-fvyzY
0.50	fuzzy	RENDAM	[EN] Full	->	Rendam - Full	ulvhCXo5OT8
0.50	fuzzy	RENDAM	[EN] Hook	->	Rendam - Hook	LmHy95d-4No
0.50	fuzzy	RENDAM	[EN] Taxi	->	Rendam - Taxi	mBwSkBzok2A
0.50	fuzzy	RENDAM	[EN] Tim	->	Rendam - Tim	UIeN_JJ5QSA
0.50	fuzzy	RObotzi/Extras	Ciob	->	RObotzi.Momente - Ciob	Xb9RktjwESQ
0.50	fuzzy	RObotzi/Songs	TRACKACHULA	->	RObotzi - TRACKACHULA (teaser)	wUOnXjm26-w
0.55	fuzzy	RObotzi/Songs	Cine Ma Vrea	->	MO x NjRamo - Cine Ma Vrea (teaser videoclip)	9DNGkApGlIM
0.57	fuzzy	CODIN&RAMO/PUNCT	01 - Primul Pas	->	Proiectul PUNCT - Primul Pas	zf7cJ6QdO3I
0.57	fuzzy	IOBAGG/OUTLAST/MainGame	OUTLAST partea 01	->	IOBAGG - OUTLAST Whistleblower 01	DllFtR7wrsM
0.57	fuzzy	IOBAGG/OUTLAST/MainGame	OUTLAST partea 02	->	IOBAGG - OUTLAST Whistleblower 02	DVBHB3xR9XQ
0.57	fuzzy	IOBAGG/OUTLAST/MainGame	OUTLAST partea 03	->	IOBAGG - OUTLAST Whistleblower 03	yyc-du-Yec0
0.57	fuzzy	IOBAGG/OUTLAST/MainGame	OUTLAST partea 04	->	IOBAGG - OUTLAST Whistleblower 04	sYogDNEHrZY
0.57	fuzzy	IOBAGG/OUTLAST/MainGame	OUTLAST partea 05	->	IOBAGG - OUTLAST Whistleblower 05	Tz-4IZ-Sx7s
0.57	fuzzy	IOBAGG/OUTLAST/MainGame	OUTLAST partea 06	->	IOBAGG - OUTLAST partea I	JkNJDycXUpo
0.57	fuzzy	IOBAGG/OUTLAST/MainGame	OUTLAST partea 07	->	IOBAGG - OUTLAST partea I	JkNJDycXUpo
0.57	fuzzy	IOBAGG/OUTLAST/MainGame	OUTLAST partea 08	->	IOBAGG - OUTLAST partea I	JkNJDycXUpo
0.57	fuzzy	IOBAGG/OUTLAST/MainGame	OUTLAST partea 09	->	IOBAGG - OUTLAST partea I	JkNJDycXUpo
0.57	fuzzy	IOBAGG/OUTLAST/MainGame	OUTLAST partea 10	->	IOBAGG - OUTLAST partea I	JkNJDycXUpo
0.57	fuzzy	IOBAGG/OUTLAST/MainGame	OUTLAST partea 11	->	IOBAGG - OUTLAST partea I	JkNJDycXUpo
0.57	fuzzy	IOBAGG/OUTLAST/MainGame	OUTLAST partea 12	->	IOBAGG - OUTLAST partea I	JkNJDycXUpo
0.57	fuzzy	IOBAGG/OUTLAST/MainGame	OUTLAST partea 13	->	IOBAGG - OUTLAST partea I	JkNJDycXUpo
0.57	fuzzy	IOBAGG/OUTLAST/MainGame	OUTLAST partea 14	->	IOBAGG - OUTLAST partea I	JkNJDycXUpo
0.57	fuzzy	IOBAGG/OUTLAST/MainGame	OUTLAST partea 15	->	IOBAGG - OUTLAST partea I	JkNJDycXUpo
0.57	fuzzy	IOBAGG/OUTLAST/MainGame	Outlast partea 16	->	IOBAGG - OUTLAST partea I	JkNJDycXUpo
0.57	fuzzy	IOBAGG/OUTLAST/MainGame	OUTLAST partea 17 FINAL	->	IOBAGG - OUTLAST FINAL	Jfx_4MaW1qM
0.67	fuzzy	3lar/2013	28 - Biopic Special	->	3lr - Biopic Special	UeRwappKBuo
0.67	fuzzy	3lar/2013	38 - Halloween Special	->	3lr - Halloween Special	RsXK3dKUTBk
0.67	fuzzy	CODIN&RAMO/DPS	DPS #29 - ＂Drunk＂ Stream şi Electric Castle + Şusca şi Şelly	->	DPS #29 - "Drunk" Stream i Electric Castle + usca i elly	Pt-3i47uoqs
0.67	fuzzy	CODIN&RAMO/Educational	CM Poker Inviteişăn	->	CM Poker Invitein	ZmUBXJiAPmQ
0.67	fuzzy	IOBAGG/OUTLAST/Whistleblower	Outlast Whistleblower partea 6 FINAL	->	IOBAGG - Outlast Whistleblower FINAL	32YEtTVDkaw
0.67	fuzzy	PIRAMIDA	03 - Descoperim Talente	->	Piramida - Descoperim Talente	-YNoAdUPTtc
0.67	fuzzy	PIRAMIDA	09 - Editia Especial	->	Piramida - Editia Especial	vRszTb9j4qs
0.67	fuzzy	PIRAMIDA	10 - 1 Mai	->	Piramida - 1 Mai	WKn6mMj2CaU
0.67	fuzzy	RENDAM	[EN] The Artist	->	Rendam - The Artist	v6S9w9h6_FU
0.67	fuzzy	RObotzi/Extras	Harlem Shake	->	Harlem Shake (RObotzi edition)	A5VP9B6EeW0
0.67	fuzzy	RObotzi/Extras	Sarbatori fericite	->	RObotzi.S02.Sarbatori fericite	OuZbZxeAflg
0.67	fuzzy	RObotzi/Songs	LENE	->	IOBAGG - LENE	HfwJfQTsCxs
0.67	fuzzy	RObotzi/Songs	Ler is MOre	->	MO (feat.Pufoshenia) - Ler is MOre	KmD0HuEPL-o
0.67	fuzzy	RObotzi/Songs	Piftel	->	MO - Piftel	2GeOa14pOuM
0.73	fuzzy	CSP/Gameplay	Un Meci Adecvat cu HeimerDongăr	->	DePeStream - Un Meci Adecvat cu HeimerDongr	fUtA9lIXs-Q
0.75	fuzzy	3lar/2013	13 - White Wolverine Guns	->	3lr - White Wolverine Guns	EcmScEUViZc
0.75	fuzzy	3lar/2014	15 - Badly Drop Together	->	3lr - Badly Drop Together	nY-uo58P8-8
0.75	fuzzy	PIRAMIDA	06 - Legenda lui Petrica	->	Piramida - Legenda lui Petrica	VnzXvXeE9jA
0.75	fuzzy	PIRAMIDA	07 - Metode de Trezire	->	Piramida - Metode de Trezire	8lY00PvmrH0
0.75	fuzzy	PIRAMIDA	11 - Copilu din Mine	->	Piramida - Copilu din Mine	A6r2Cn8rDH8
0.75	fuzzy	PIRAMIDA	14 - Dreptate din Borcan	->	Piramida - Dreptate din Borcan	omGTv3-6F5Q
0.77	fuzzy	CODIN&RAMO/PUNCT	04 - YEEY, Am dat drumul inscrierilor!	->	PUNCT #4 - YEEY, Am dat drumul inscrierilor!	7DuIb3aCLGY
0.80	fuzzy	3lar/2013	09 - Conjuring a Cloudy Rapturepalooza	->	3lr - Conjuring a Cloudy Rapturepalooza	PFp92r4gKZM
0.80	fuzzy	3lar/2013	10 - A Gallowwalking Family Hangover	->	3lr - A Gallowwalking Family Hangover	eL99X-OofA8
0.80	fuzzy	3lar/2013	30 - Ass Bounty Killer Live	->	3lr - Ass Bounty Killer Live	Zi0Z8dOsV1U
0.80	fuzzy	3lar/2014	04 - A Haunted Maleficent Brick	->	3lr - A Haunted Maleficent Brick	9skrjNTwBZI
0.80	fuzzy	3lar/2014	06 - Welcome to Tammys Zombeavers	->	3lr - Welcome to Tammys Zombeavers	rs4blSQm-8I
0.80	fuzzy	3lar/2014	09 - The Maze Den Boxtrolls	->	3lr - The Maze Den Boxtrolls	3yOLumVHakY
0.80	fuzzy	3lar/2014	12 - Lucy, The Angriest Squatter	->	3lr - Lucy, The Angriest Squatter	TCFyO1Fg3QE
0.80	fuzzy	3lar/2014	14 - So Cold Above Jessabelle!	->	3lr - So Cold Above Jessabelle!	ymW0IPDrxTY
0.80	fuzzy	3lar/2014	16 - The Lost Interstellar Snowpiercer!	->	3lr -- The Lost Interstellar Snowpiercer!	vnEfGPbtxv4
0.80	fuzzy	3lar/2019	02 - The Prodigys Arctic BrightBurn	->	3LAR - The Prodigys Arctic BrightBurn	XOdy4PWqbc0
0.80	fuzzy	3lar/2019	15 - The Addams Gemini Spy	->	3LAR - The Addams Gemini Spy	mYh5vI7HZOo
0.80	fuzzy	CODIN&RAMO/Conferinte	Codin Pop - Conferința Anului Viitor 2014	->	Codin - Conferinta Anului Viitor	LKiFZA-m1_U
0.80	fuzzy	CODIN&RAMO/PUNCT	05 - Secretul din Masina + Test si Testimoniale	->	PUNCT #5 - Secretul din Masina + Test si Testimoniale	9o4Kr8Ckbpw
0.80	fuzzy	CODIN&RAMO/RAID	RAID 01	->	IOBAGGLIVE - RAID 01	FIvhzd4Ghxo
0.80	fuzzy	CODIN&RAMO/RAID	RAID 02	->	IOBAGGLIVE - RAID 02	MWXt4Ih2WZg
0.80	fuzzy	CSP/ZOOT SUIT	05 - CSP - PIREU	->	CSP - PIREU	LQ8VOMKyhHM
0.80	fuzzy	CSP/ZOOT SUIT	06 - IOBAGG - LENE	->	IOBAGG - LENE	HfwJfQTsCxs
0.80	fuzzy	CSP/ZOOT SUIT	08 - CSP - CHIAREL	->	CSP - CHIAREL	er2mGpfdOoM
0.80	fuzzy	CSP/ZOOT SUIT	09 - IOBAGG - BLESTEM	->	IOBAGG - BLESTEM	2SyH3FA2b0k
0.80	fuzzy	CSP/ZOOT SUIT	10 - CSP - AFUMATOAREA	->	CSP - AFUMATOAREA	-od4u9SoYKU
0.80	fuzzy	CSP/ZOOT SUIT	11 - CSP - GENERATII	->	CSP - GENERATII	NhU2xlaly6Q
0.80	fuzzy	CSP/ZOOT SUIT	12 - CSP - STRAZI	->	CSP - STRAZI	7dyDa_XJxAc
0.80	fuzzy	NinjaRamo/RFX	03 - Halloween Bonus Clip - Camasa	->	RFX Halloween Bonus Clip - Camasa	YI4Wt5B5eN4
0.80	fuzzy	NinjaRamo/RFX	04 - Halloween Bonus Clip - Palarioara	->	RFX Halloween Bonus Clip - Palarioara	8n6mnE-phSM
0.80	fuzzy	NinjaRamo/RFX	05 - Halloween Bonus Clip - Manusi	->	RFX Halloween Bonus Clip - Manusi	sdmWMWn8Ufk
0.80	fuzzy	NinjaRamo/RFX	05 - Halloween Bonus Clip - Unghii	->	RFX Halloween Bonus Clip - Unghii	XNUVKVMtIcA
0.80	fuzzy	NinjaRamo/RFX	07 - Halloween： Contesa (Ne)Moarta	->	RFX - Halloween: Contesa (Ne)Moarta	Dyd8lGn67ZM
0.80	fuzzy	NinjaRamo/RFX	08 - Halloween： The Little Devil	->	RFX - Halloween: The Little Devil	8V-Trzv6Ojg
0.80	fuzzy	NinjaRamo/RFX	09 - In Fruntea lui IOBAG	->	RFX - In Fruntea lui IOBAG	clCzCfio0GU
0.80	fuzzy	PIRAMIDA	04 - Apa nu va moare	->	Piramida - Apa nu va moare	F5SHIyYUKEs
0.80	fuzzy	PIRAMIDA	05 - Gheata bate vantu tata	->	Piramida - Gheata bate vantu tata	9TnNTPMuLFc
0.80	fuzzy	RENDAM	[RO] Aspir	->	Rendam [RO] - Aspir	-K22t_wDNkA
0.80	fuzzy	RENDAM	[RO] Baiazid	->	Rendam [RO] - Baiazid	F07p3SEkOD0
0.80	fuzzy	RENDAM	[RO] Cinci	->	Rendam [RO] - Cinci	uxNWVMux8a4
0.80	fuzzy	RENDAM	[RO] LMA	->	Rendam [RO] - LMA	3QLBZOg6hc0
0.80	fuzzy	RENDAM	[RO] Omoara	->	Rendam [RO] - Omoara	sCK7qpftibg
0.80	fuzzy	RENDAM	[RO] Para	->	Rendam [RO] - Para	Dx5ZVDTvbXg
0.80	fuzzy	RENDAM	[RO] Poate	->	Rendam [RO] - Poate	Vw3_LElFtzw
0.80	fuzzy	RENDAM	[RO] Ras	->	Rendam [RO] - Ras	hUHEY6MbnCE
0.83	fuzzy	3lar/2013	04 - Dead Knights of Mimesis Badassdom	->	3lr - Dead Knights of Mimesis Badassdom	wo4CT70U59U
0.83	fuzzy	3lar/2013	05 - The Furious Lords of Blackhats	->	3lr - The Furious Lords of Blackhats	arGDckaAA1A
0.83	fuzzy	3lar/2013	07 - The Stranger's Internship Prototype	->	3lr - The Stranger's Internship Prototype	LOZCJyjxouI
0.83	fuzzy	3lar/2013	08 - Justin stole Frankenstein's Ufo	->	3lr - Justin stole Frankenstein's Ufo	AdH11Bi6dBg
0.83	fuzzy	3lar/2013	16 - Ender's White Game Redirected	->	3lr - Ender's White Game Redirected	9AKbCDHJ8x0
0.83	fuzzy	3lar/2013	17 - Ooga Booga's Gravity Hammer	->	3lr - Ooga Booga's Gravity Hammer	2fQ3BADl__A
0.83	fuzzy	3lar/2013	21 - The Hobbit's Insidious Family	->	3lr - The Hobbit's Insidious Family	s2hdLMzV5-A
0.83	fuzzy	3lar/2013	23 - Lego's Seventh Killing Season	->	3lr - Lego's Seventh Killing Season	sJT_vfVjS7I
0.83	fuzzy	3lar/2013	31 - Railway Man's Robocop Year	->	3lr - Railway Man's Robocop Year	0vkS-NQDC60
0.83	fuzzy	3lar/2013	32 - Grudge Ghost One on Mars	->	3lr - Grudge Ghost One on Mars	hJVyRMdRMX0
0.83	fuzzy	3lar/2013	34 - Vikingdom's Frozen Last Vegas	->	3lr - Vikingdom's Frozen Last Vegas	hUtxoGOKCJc
0.83	fuzzy	3lar/2013	37 - Tarzan's Neighbors in Budapest	->	3lr - Tarzan's Neighbors in Budapest	qQMe7Fslmx8
0.83	fuzzy	3lar/2013	40 - Oldboy Perry's Christmas Raid	->	3lr - Oldboy Perry's Christmas Raid	1c8J9KeSUc4
0.83	fuzzy	3lar/2013	41 - Noah's Best Sherman Ever	->	3lr - Noah's Best Sherman Ever	ZZc4zd79vEg
0.83	fuzzy	3lar/2014	03 - The Bad Babadook Words Godzilla	->	3lr - The Bad Babadook Words Godzilla	iftU5YsOkmQ
0.83	fuzzy	3lar/2014	05 - Guardians of The Man Purge	->	3lr - Guardians of The Man Purge	7aPROrDK214
0.83	fuzzy	3lar/2014	10 - Semi Sort of Tv Top	->	3lr - Semi Sort of Tv Top	33c34c__Xs0
0.83	fuzzy	3lar/2014	11 -  Earth to Teenage Mutant Hercules	->	3lr -  Earth to Teenage Mutant Hercules	8gTPyOq5fRY
0.83	fuzzy	3lar/2018	03 - Dumbo is a Dark Pokemon	->	3LAR - Dumbo is a Dark Pokemon	oyCImyjJNNY
0.83	fuzzy	3lar/2018	04 - Madea the LEGO Lion King	->	3LAR - Madea the LEGO Lion King	6bFFYPUoVZA
0.83	fuzzy	3lar/2019	01 - US Men in Black Hellboy	->	3LAR - US Men in Black Hellboy	Zvr-X935oh8
0.83	fuzzy	3lar/2019	03 - Playmobil Movie： Shazzam the Little	->	3LAR - Playmobil Movie: Shazzam the Little	WJvE_DSA_RI
0.83	fuzzy	3lar/2019	05 - Drunk Romantic Parents： Hobbs & Shaw	->	3LAR - Drunk Romantic Parents: Hobbs & Shaw	k6ihGztyK10
0.83	fuzzy	3lar/2019	07 - MA Tolkien is Frozen 2	->	3LAR - MA Tolkien is Frozen 2	IK8umhf9JLs
0.83	fuzzy	3lar/2019	08 - Highwaymen Hustle like Angry Birds	->	3LAR - Highwaymen Hustle like Angry Birds	xfhZuG8Vsdc
0.83	fuzzy	3lar/2019	09 - Don Quixote Dragged Across Stockholm	->	3LAR - Don Quixote Dragged Across Stockholm	b578c1R25Ec
0.83	fuzzy	3lar/2019	11 - Alladin's Late Midsommar Night	->	3LAR - Alladin's Late Midsommar Night	7MMGT-JxK7I
0.83	fuzzy	3lar/2019	14 - Star Wars： The Dead Anna	->	3LAR - Star Wars: The Dead Anna	Sy2IrJn9eQU
0.83	fuzzy	3lar/2019	16 - Sonic the Stuber： Murder Mistery	->	3LAR - Sonic the Stuber: Murder Mistery	VbNB74ag9n8
0.83	fuzzy	CODIN&RAMO/ALTCEVA	01 - Outfitul perfect pentru prima intalnire	->	ALTCEVA - Outfitul perfect pentru prima intalnire	if-fm-S518k
0.86	fuzzy	3lar/2013	03 - The Red Power of the Last Exorcism	->	3lr - The Red Power of the Last Exorcism	kg7nR4de8mo
0.86	fuzzy	3lar/2013	06 - The Scary Monsters University has Fallen	->	3lr - The Scary Monsters University has Fallen	BNHfhQ-ZerA
0.86	fuzzy	3lar/2013	20 - Rush and Purge The Hot Flashes	->	3lr - Rush and Purge The Hot Flashes	YkdYV2HWRjM
0.86	fuzzy	3lar/2013	22 - 300： Rise of a Getaway Plan	->	3lr - 300: Rise of a Getaway Plan	dEo6YsNG0eg
0.86	fuzzy	3lar/2013	26 - Bad Ronin： The Wolf of Milo	->	3lr - Bad Ronin: The Wolf of Milo	vg_YhpCh6VY
0.86	fuzzy	3lar/2013	27 - The Monuments Men Lost All The Planes	->	3lr - The Monuments Men Lost All The Planes	CkzsneNj3zY
0.86	fuzzy	3lar/2013	29 - Mr. Banks The Divergent Book Thief	->	3lr - Mr. Banks The Divergent Book Thief	lIHtaRzB6OE
0.86	fuzzy	3lar/2013	35 - The Secret Homefront of Walter Frankenstein	->	3lr - The Secret Homefront of Walter Frankenstein	Oxq-WPERMQ8
0.86	fuzzy	3lar/2013	36 - Hercules Games： The Non-Stop Legend	->	3lr - Hercules Games: The Non-Stop Legend	VLLmVpfttuQ
0.86	fuzzy	3lar/2013	43 - Muppets of God： Nut Job Wanted	->	3lr - Muppets of God: Nut Job Wanted	tVVt_8eS7dk
0.86	fuzzy	3lar/2013	44 - Hungover Spidermans Games on Jupiter Ascending	->	3lr - Hungover Spidermans Games on Jupiter Ascending	RnsA81CF6MA
0.86	fuzzy	3lar/2013	45 - Sort of Semi Nu Prea Top	->	3lr - Sort of Semi Nu Prea Top	Gf8TeXff0Wk
0.86	fuzzy	3lar/2014	01 - How to Train your Ape Tomorrow	->	3lr - How to Train your Ape Tomorrow	FqSqMv4WjhU
0.86	fuzzy	3lar/2014	07 - Legend of Jinn Oz's Transformers	->	3lr - Legend of Jinn Oz's Transformers	MHCj26tWOaI
0.86	fuzzy	3lar/2014	08 - Deliver us from Sin City Monaco	->	3lr - Deliver us from Sin City Monaco	8_Kd9u40QDc
0.86	fuzzy	3lar/2018	06 - Avengers： Captain Endgame the Marvel Mutant	->	3LAR - Avengers: Captain Endgame the Marvel Mutant	tHAunE9Mr00
0.86	fuzzy	3lar/2019	19 - Semi-sort of TOP Netflix & HBO	->	3LAR - Semi-sort of TOP Netflix & HBO	7I3wZtISJEM
0.86	fuzzy	CODIN&RAMO/ALTCEVA	03 - Unboxing Laptoputz + Anunt	->	Unboxing Laptoputz + Anunt	fBxr15gAEt0
0.86	fuzzy	CSP/Gameplay	HearthStone (scurta prezentare)	->	Codin - HearthStone (scurta prezentare)	YbkfMO24cKg
0.86	fuzzy	CSP/Gameplay	Insurgency - Scurta prezentare	->	Codin - Insurgency - Scurta prezentare	7LGr-oNoKR0
0.86	fuzzy	CSP/Gameplay	LOL cu SUSAN	->	DePeStream - LOL cu SUSAN	LqOJVpCLwls
0.86	fuzzy	CSP/ZOOT SUIT	02 - CSP - TONY SOPRANO	->	CSP - TONY SOPRANO	OZ41QxOHQLE
0.86	fuzzy	CSP/ZOOT SUIT	07 - IOBAGG x NJRAMO - IOBAGG	->	IOBAGG x NJRAMO - IOBAGG	9zOm209X7m0
0.86	fuzzy	IOBAGG/OUTLAST/OUTLAST2	OUTLAST 2 DEMO	->	IOBAGG - OUTLAST 2 DEMO	7jWDqoP691w
0.86	fuzzy	IOBAGG/OUTLAST/Whistleblower	OUTLAST Whistleblower 01	->	IOBAGG - OUTLAST Whistleblower 01	DllFtR7wrsM
0.86	fuzzy	IOBAGG/OUTLAST/Whistleblower	OUTLAST Whistleblower 02	->	IOBAGG - OUTLAST Whistleblower 02	DVBHB3xR9XQ
0.86	fuzzy	IOBAGG/OUTLAST/Whistleblower	OUTLAST Whistleblower 03	->	IOBAGG - OUTLAST Whistleblower 03	yyc-du-Yec0
0.86	fuzzy	IOBAGG/OUTLAST/Whistleblower	OUTLAST Whistleblower 04	->	IOBAGG - OUTLAST Whistleblower 04	sYogDNEHrZY
0.86	fuzzy	IOBAGG/OUTLAST/Whistleblower	OUTLAST Whistleblower 05	->	IOBAGG - OUTLAST Whistleblower 05	Tz-4IZ-Sx7s
0.86	fuzzy	NinjaRamo/Muzica	MO x NjRamo - Cine Ma Vrea	->	MO x NjRamo - Cine Ma Vrea (teaser videoclip)	9DNGkApGlIM
0.86	fuzzy	RObotzi/Extras	Un Milion Special	->	RObotzi - Un Milion Special	J_bslER_3y0
0.86	fuzzy	RObotzi/Extras	Youtube Rewind 2013	->	RObotzi Youtube Rewind 2013	nd6-W_-kGdQ
0.86	fuzzy	RObotzi/Songs	Ciue Fatza Ai	->	MO - Ciue Fatza Ai	N84F3xi3jEc
0.88	fuzzy	3lar/2013	02 - Burt Wonderstone's Call is the End	->	3lr - Burt Wonderstone's Call is the End	6FvNr_8UnIU
0.88	fuzzy	3lar/2013	11 - Despicable Me Kicks The Colony's Ass	->	3lr - Despicable Me Kicks The Colony's Ass	u4I9x4qqa0I
0.88	fuzzy	3lar/2013	12 - Star Trek All Stars Into Turbo Darkness	->	3lr - Star Trek All Stars Into Turbo Darkness	5qXI8DQNFwo
0.88	fuzzy	3lar/2013	14 - No One Lives for Carrie's Elysium	->	3lr - No One Lives for Carrie's Elysium	N0J4a6Hz-Y8
0.88	fuzzy	3lar/2013	15 - Holla for Thor and his Dark World	->	3lr - Holla for Thor and his Dark World	g_Lw4RL4AHQ
0.88	fuzzy	3lar/2013	18 - Riddick's all Grown Up in Byzantium	->	3lr - Riddick's all Grown Up in Byzantium	7cA8yJqUad8
0.88	fuzzy	3lar/2013	24 - Free Magic Birds for Frankenstein's Army	->	3lr - Free Magic Birds for Frankenstein's Army	wk2Lx15z7SQ
0.88	fuzzy	3lar/2013	25 - The Hunger Games： Ride Along a Slave	->	3lr - The Hunger Games: Ride Along a Slave	5Aq8cPh9z_4
0.88	fuzzy	3lar/2013	33 - Machete Kills Dracula's Need for Speed	->	3lr - Machete Kills Dracula's Need for Speed	3oYSm2SHNas
0.88	fuzzy	3lar/2013	39 - X-Men of the Future： Captain Charlie	->	3lr - X-Men of the Future: Captain Charlie	ey1WbUF0cFY
0.88	fuzzy	3lar/2013	42 - Welcome to the Jungle： Sabotage The Ice Soldiers	->	3lr - Welcome to the Jungle: Sabotage The Ice Soldiers	RAo9vSSb3ug
0.88	fuzzy	3lar/2014	02 - 22 Jump Str. Transcends The Other Woman	->	3lr - 22 Jump Str. Transcends The Other Woman	Ybch-aGUvMQ
0.88	fuzzy	3lar/2014	13 - Peyote's Girl： Gone with the shame!	->	3lr -- Peyote's Girl: Gone with the shame!	BgRf5eMfubw
0.88	fuzzy	3lar/2019	04 - Spider Man vs. John Wick： Pet Sematary	->	3LAR - Spider Man vs. John Wick: Pet Sematary	wIpAgrqi3jA
0.88	fuzzy	3lar/2019	06 - Dolls Play with Ugly Child's Shaft	->	3LAR - Dolls Play with Ugly Child's Shaft	OrXS4G19wuE
0.88	fuzzy	3lar/2019	13 - Annabelle, the Scary Story of the Dark Joker	->	3LAR - Annabelle, the Scary Story of the Dark Joker	K18oTF-F2fk
0.88	fuzzy	3lar/2019	17 - Crawl 21： The World of Rim Bridges	->	3LAR - Crawl 21: The World of Rim Bridges	jZAbV-iCUB4
0.88	fuzzy	3lar/2019	18 - Maleficent Chapter： Mother IT Mistress of Evil	->	3LAR - Maleficent Chapter: Mother IT Mistress of Evil	WEG3A9RZmWw
0.88	fuzzy	PIRAMIDA	01 - E ceva ce tu poti sa ai	->	Piramida - E ceva ce tu poti sa ai	9_YFjPSahh8
0.89	fuzzy	3lar/2013	19 - Captain Phillips & The Millers in The World's End	->	3lr - Captain Phillips & The Millers in The World's End	sMqGIeC_uLE
0.89	fuzzy	3lar/2018	01 - Godzilla si Arthur la un Glass de vorba	->	3LAR - Godzilla si Arthur la un Glass de vorba	SAYCZ29j6s4
0.89	fuzzy	3lar/2018	05 - Happy Men want To Train Your Death Dragon	->	3LAR - Happy Men want To Train Your Death Dragon	4Z7m0SCVeNQ
0.89	fuzzy	3lar/2019	10 - Good Boys： The Art of Booksmart Self-Defense	->	3LAR - Good Boys: The Art of Booksmart Self-Defense	XxE1Ztfd92Y
0.89	fuzzy	CODIN&RAMO/ALTCEVA	02 - Cum sa nu pierzi timpul cu un cartof	->	ALTCEVA - Cum sa nu pierzi timpul cu un cartof	PEsnZUyKuHk
0.89	fuzzy	CODIN&RAMO/Conferinte	Codin Pop Conferinta Anului Viitor	->	Codin - Conferinta Anului Viitor	LKiFZA-m1_U
0.89	fuzzy	CSP/Gameplay	Overwatch： Junkenstein's Revenge	->	Codin - Overwatch: Junkenstein's Revenge	vu1X5YEGHYQ
0.89	fuzzy	CSP/ZOOT SUIT	01 - IOBAGG X CSP - VIN	->	IOBAGG X CSP - VIN	u_CeXQrFOOU
0.89	fuzzy	CSP/ZOOT SUIT	03 - CSP(IOBAGG) - ZOOT SUIT	->	CSP(IOBAGG) - ZOOT SUIT	zTIL_CxNPVc
0.89	fuzzy	IOBAGG/PUBG	Player Unknown's BATTLEGROUNDS	->	IOBAGG - Player Unknown's BATTLEGROUNDS	GhHsLc8E4-E
0.89	fuzzy	IOBAGG/PUBG	PlayerUnknown's BATTLEGROUNDS P2	->	IOBAGG - PlayerUnknown's BATTLEGROUNDS P2	-9djn9dYGJs
0.89	fuzzy	IOBAGG/PUBG	PlayerUnknown's BATTLEGROUNDS P3	->	IOBAGG - PlayerUnknown's BATTLEGROUNDS P3	8dea9kIX8Es
0.89	fuzzy	IOBAGG/PUBG	PlayerUnknown's BATTLEGROUNDS P4	->	IOBAGG - PlayerUnknown's BATTLEGROUNDS P4	5O0NpczR3K0
0.89	fuzzy	IOBAGG/PUBG	PlayerUnknown's BATTLEGROUNDS P5	->	IOBAGG - PlayerUnknown's BATTLEGROUNDS P5	b1gyV0YVGZ8
0.89	fuzzy	IOBAGG/PUBG	PlayerUnknown's BATTLEGROUNDS P6	->	IOBAGG - PlayerUnknown's BATTLEGROUNDS P6	BaAUEsb81Fg
0.89	fuzzy	IOBAGG/RESIDENT EVIL BIOHAZARD	Resident Evil Biohazard P1	->	IOBAGG - Resident Evil Biohazard P1	N43VhXAXfgs
0.89	fuzzy	IOBAGG/RESIDENT EVIL BIOHAZARD	Resident Evil Biohazard P2	->	IOBAGG - Resident Evil Biohazard P2	8D1vXP40W_M
0.89	fuzzy	IOBAGG/RESIDENT EVIL BIOHAZARD	Resident Evil Biohazard P3	->	IOBAGG - Resident Evil Biohazard P3	NUE6l6xizkk
0.89	fuzzy	IOBAGG/RESIDENT EVIL BIOHAZARD	Resident Evil Biohazard P4	->	IOBAGG - Resident Evil Biohazard P4	zD0S0W0WxHY
0.89	fuzzy	IOBAGG/RESIDENT EVIL BIOHAZARD	Resident Evil Biohazard P5	->	IOBAGG - Resident Evil Biohazard P5	Se0Rf3rTikI
0.89	fuzzy	IOBAGG/RESIDENT EVIL BIOHAZARD	Resident Evil Biohazard P6	->	IOBAGG - Resident Evil Biohazard P6	WOFSV_3fr5M
0.89	fuzzy	IOBAGG/RESIDENT EVIL BIOHAZARD	Resident Evil Biohazard P7	->	IOBAGG - Resident Evil Biohazard P7	mJtrSoKyxAI
0.89	fuzzy	IOBAGG/RESIDENT EVIL BIOHAZARD	Resident Evil Biohazard P8	->	IOBAGG - Resident Evil Biohazard P8	R3GtgDz_fD4
0.89	fuzzy	RObotzi/Extras	S01 Ep3.14 ZDA	->	RObotzi.S01.Ep3.14.ZDA	O_jrhK62UEA
0.90	fuzzy	3lar/2018	02 -  La Llorona il apara pe Kid Arthur de Aquaman	->	3LAR - La Llorona il apara pe Kid Arthur de Aquaman	Zh-mWKNhUpc
0.90	fuzzy	3lar/2019	12 - Dora's Toy Story： Time is Gold in Hollywood	->	3LAR - Dora's Toy Story: Time is Gold in Hollywood	sXk9uOtkPY4
0.90	fuzzy	CODIN&RAMO/DPS	DPS #11 - Fara de Bărbi, cu fofilari, desene si reactii	->	DPS #11 - Fara de Brbi, cu fofilari, desene si reactii	aOEpOm3N0mM
0.91	fuzzy	CSP/Gameplay	Codin-n BATTLEGROUNDS SoloRun 8Killz1Cup	->	DePeStream - Codin-n BATTLEGROUNDS SoloRun 8Killz1Cup	KNUprYI5Mc4
0.91	fuzzy	IOBAGG/LOL MOMENTE	League of Legends Momente 01	->	IOBAGG - League of Legends Momente 01	ZKMQEMuir6g
0.91	fuzzy	IOBAGG/LOL MOMENTE	League of Legends Momente 02	->	IOBAGG - League of Legends Momente 02	Ubafo68NL0M
0.91	fuzzy	IOBAGG/LOL MOMENTE	League of Legends Momente 03	->	IOBAGG - League of Legends Momente 03	1bwpcMFsmIA
0.91	fuzzy	IOBAGG/LOL MOMENTE	League of Legends Momente 04	->	IOBAGG - League of Legends Momente 04	y2t2f9HWM2c
0.91	fuzzy	IOBAGG/LOL MOMENTE	League of Legends Momente 05	->	IOBAGG - League of Legends Momente 05	mWrFgv5iZJs
0.91	fuzzy	IOBAGG/LOL MOMENTE	League of Legends Momente 06	->	IOBAGG - League of Legends Momente 06	b587pTDhglY
0.91	fuzzy	IOBAGG/LOL MOMENTE	League of Legends Momente 07	->	IOBAGG - League of Legends Momente 07	I9bBRsMtN1E
0.91	fuzzy	IOBAGG/LOL MOMENTE	League of Legends Momente 08	->	IOBAGG - League of Legends Momente 08	gI-e3xPiDKg
0.91	fuzzy	IOBAGG/LOL MOMENTE	League of Legends Momente 09	->	IOBAGG - League of Legends Momente 09	LdVFuS9WLgM
0.91	fuzzy	IOBAGG/LOL MOMENTE	League of Legends MOMENTE 10	->	IOBAGG - League of Legends MOMENTE 10	3jiwx-Kxr_Y
0.91	fuzzy	IOBAGG/LOL MOMENTE	League Of Legends MOMENTE 11	->	IOBAGG - League Of Legends MOMENTE 11	cgS-Qbm30cQ
0.91	fuzzy	IOBAGG/O ORA DE	O ORA DE： Devil Daggers	->	IOBAGG - O ORA DE: Devil Daggers	wcakJKd59VE
0.91	fuzzy	IOBAGG/O ORA DE	O ORA DE： Hotline Miami	->	IOBAGG - O ORA DE: Hotline Miami	ccH41HJZ6_U
0.91	fuzzy	IOBAGG/PUBG	Player Unknown's BATTLEGROUNDS P7	->	IOBAGG - Player Unknown's BATTLEGROUNDS P7	pkD4ijfAQ5k
0.91	fuzzy	IOBAGG/PUBG	PUBG - TUPEU DE POET 2	->	IOBAGG - PUBG - TUPEU DE POET 2	FGul1HEv5Pg
0.91	fuzzy	IOBAGG/PUBG	PUBG - TUPEU DE POET 3	->	IOBAGG - PUBG - TUPEU DE POET 3	ZQyPMK0epZQ
0.91	fuzzy	IOBAGG/PUBG	PUBG - Tupeu De Poet 4	->	IOBAGG - PUBG - Tupeu De Poet 4	cpLZW2q_O6c
0.91	fuzzy	IOBAGG/RESIDENT EVIL BIOHAZARD	Resident Evil Biohazard P9 FINAL	->	IOBAGG - Resident Evil Biohazard P9 FINAL	F6rjoqDsZxM
0.92	fuzzy	CSP/Gameplay	Deschidem 50 de Halloween LootBoxes (Overwatch)	->	Codin - Deschidem 50 de Halloween LootBoxes (Overwatch)	EcixYRz18vk
0.92	fuzzy	CSP/Gameplay	Heroes of the Storm - Prezentare(ish)	->	Codin - Heroes of the Storm - Prezentare(ish)	KI3J8jqoMxI
0.92	fuzzy	CSP/ZOOT SUIT	04 - IOBAGG X NJRAMO - SEFU-I SEF	->	IOBAGG X NJRAMO - SEFU-I SEF	RjZ0N8miJrU
0.92	fuzzy	IOBAGG/O ORA DE	O ORA DE： 10 Second Ninja	->	IOBAGG - O ORA DE: 10 Second Ninja	5gvLDWs4efM
0.92	fuzzy	IOBAGG/O ORA DE	O ORA DE： Enter the Gungeon	->	IOBAGG - O ORA DE: Enter the Gungeon	ajwzRIrUP_8
0.92	fuzzy	IOBAGG/O ORA DE	O ORA DE： HOTLINE MIAMI 2	->	IOBAGG - O ORA DE: HOTLINE MIAMI 2	DAVUCgneqj8
0.92	fuzzy	IOBAGG/O ORA DE	O ORA DE： I am Bread	->	IOBAGG - O ORA DE: I am Bread	TqPMtjXVGW0
0.92	fuzzy	IOBAGG/O ORA DE	O ORA DE： Risk of Rain	->	IOBAGG - O ORA DE: Risk of Rain	dGSP9rDsVCc
0.92	fuzzy	IOBAGG/O ORA DE	O ORA DE： Super Meat Boy	->	IOBAGG - O ORA DE: Super Meat Boy	g8YTxCcqMIQ
0.92	fuzzy	IOBAGG/PUBG	Campion Pa State #1 -  PUBG P9	->	IOBAGG - Campion Pa State #1 -  PUBG P9	P_bLHl3seYY
0.92	fuzzy	IOBAGG/PUBG	Campion Pa State #2 - PUBG P10	->	IOBAGG - Campion Pa State #2 - PUBG P10	Vt-Ck6A5OYQ
0.92	fuzzy	IOBAGG/PUBG	Campion Pa State #3 - PUBG P11	->	IOBAGG - Campion Pa State #3 - PUBG P11	2Ht7V2EVT4c
0.92	fuzzy	IOBAGG/PUBG	Campion Pa State 4 - PUBG P12	->	IOBAGG - Campion Pa State 4 - PUBG P12	Oa1VK2ODQK8
0.92	fuzzy	IOBAGG/PUBG	PUBG P13 Munca Campului pe EU	->	IOBAGG - PUBG P13 Munca Campului pe EU	xLP8rh7lsMU
0.93	fuzzy	CSP/Gameplay	Codin in BATTLEGROUNDS： Singur Pe Locu 2!	->	DePeStream - Codin in BATTLEGROUNDS: Singur Pe Locu 2!	X8D4lG4AGhA
0.93	fuzzy	CSP/Gameplay	Deschidem 50 de Loot Boxes in Overwatch	->	Codin - Deschidem 50 de Loot Boxes in Overwatch	Sez3lTnrO7Q
0.93	fuzzy	IOBAGG/PUBG	PlayerUnknown's BATTLEGROUNDS P8 Dubla de ZiuaLuCopil	->	IOBAGG - PlayerUnknown's BATTLEGROUNDS P8 Dubla de ZiuaLuCopil	vDZ04yzI9LY
0.93	fuzzy	IOBAGG/PUBG	PUBG P16 - Tupeu de Poet pe Asia	->	IOBAGG - PUBG P16 - Tupeu de Poet pe Asia	a5jNT2acaZs
0.94	fuzzy	IOBAGG/PUBG	PUBG P14 Locu 2 nu-i pentru noi	->	IOBAGG - PUBG P14 Locu 2 nu-i pentru noi	0b5sAFGcxk4
0.96	fuzzy	IOBAGG/PUBG	 Profesorul PipiBanana te-nvata cum sa iesi pe geam in PUBG	->	IOBAGG -  Profesorul PipiBanana te-nvata cum sa iesi pe geam in PUBG	5TZU_hAdjdc
0.96	fuzzy	IOBAGG/PUBG	PUBG P15 Campion Asia si-Asia (edit： evenimentul s-a mutat in ianuarie)	->	IOBAGG - PUBG P15 Campion Asia si-Asia (edit: evenimentul s-a mutat in ianuarie)	ReHUG14Uy10
1.00	fuzzy	CODIN&RAMO/Conferinte	Codin - Conferinta Anului Viitor	->	Codin - Conferinta Anului Viitor	LKiFZA-m1_U
1.00	fuzzy	CODIN&RAMO/Conferinte	Codin la Conferinta Anului Viitor 2	->	Codin la Conferinta Anului Viitor 2	4H1OH69C__M
1.00	fuzzy	CODIN&RAMO/DPS	DPS #1 - De Pe Stream： Random Clipe si Pedepse	->	DPS #1 - De Pe Stream: Random Clipe si Pedepse	rExmRZt_BwE
1.00	fuzzy	CODIN&RAMO/DPS	DPS #2 - Primul Strudel Uman, Pirueta Neagra si Mamaliga Secreta!	->	DPS #2 - Primul Strudel Uman, Pirueta Neagra si Mamaliga Secreta!	gmW7uOjrHto
1.00	fuzzy	CODIN&RAMO/DPS	DPS #3 - Cand te speli pe dinti cu Mustar nu esti un Raton!	->	DPS #3 - Cand te speli pe dinti cu Mustar nu esti un Raton!	3ovWhpBmCVM
1.00	fuzzy	CODIN&RAMO/DPS	DPS #4 - Reactie cu Avioane despre Sex in Nisip si Sunete Speciale	->	DPS #4 - Reactie cu Avioane despre Sex in Nisip si Sunete Speciale	Y6JC2mu7i2g
1.00	fuzzy	CODIN&RAMO/DPS	DPS #5 - Reclame la Detergent, Inregistrari la Castravete, Nemorts in Tendinte	->	DPS #5 - Reclame la Detergent, Inregistrari la Castravete, Nemorts in Tendinte	ZmVFcg-BpeY
1.00	fuzzy	CODIN&RAMO/DPS	DPS #6 - Ce sa faci cand auzi Voci, tutorial Anti Depresie 2020	->	DPS #6 - Ce sa faci cand auzi Voci, tutorial Anti Depresie 2020	OQDaMxRV9A4
1.00	fuzzy	CODIN&RAMO/DPS	DPS #7 - Tragerea pe Fundick, Halatul Maro, Apa Dura si Mima Praf	->	DPS #7 - Tragerea pe Fundick, Halatul Maro, Apa Dura si Mima Praf	F1unXUAZNRs
1.00	fuzzy	CODIN&RAMO/DPS	DPS #8 - Sculptura-n Dovleac, Hello-Win-u, Usa, Spirtu si Puiu	->	DPS #8 - Sculptura-n Dovleac, Hello-Win-u, Usa, Spirtu si Puiu	n99ydg-WFpk
1.00	fuzzy	CODIN&RAMO/DPS	DPS #9 - Imnul la Kazoo █▬█ █ ▀█▀ feat. Nu Mor F00t Dop Inca (2020)	->	DPS #9 - Imnul la Kazoo    feat. Nu Mor F00t Dop Inca (2020)	mEGNIImgejw
1.00	fuzzy	CODIN&RAMO/DPS	DPS #10 - Sarbautori Fericite Peeps!	->	DPS #10 - Sarbautori Fericite Peeps!	uF0ROhv6xRU
1.00	fuzzy	CODIN&RAMO/DPS	DPS #12 - Cei mai Saritori Jugadori	->	DPS #12 - Cei mai Saritori Jugadori	JNEF6mQNUn4
1.00	fuzzy	CODIN&RAMO/DPS	DPS #13 - Sa fluieram cu Fetzele	->	DPS #13 - Sa fluieram cu Fetzele	nbtsadUMXmo
1.00	fuzzy	CODIN&RAMO/DPS	DPS #14 - Survivorii Survivand	->	DPS #14 - Survivorii Survivand	GtTdbN-HA8I
1.00	fuzzy	CODIN&RAMO/DPS	DPS #15 - Stam Acasa si invatzam LOL	->	DPS #15 - Stam Acasa si invatzam LOL	TmrlHO6Cwjk
1.00	fuzzy	CODIN&RAMO/DPS	DPS #16 - Aventuri Culinare In Carantina	->	DPS #16 - Aventuri Culinare In Carantina	ommdaeDNkY0
1.00	fuzzy	CODIN&RAMO/DPS	DPS #17 - Editie DUBLA!	->	DPS #17 - Editie DUBLA!	Lk2w35zxtsc
1.00	fuzzy	CODIN&RAMO/DPS	DPS #18 - Cum sa-ti omori prietenii？	->	DPS #18 - Cum sa-ti omori prietenii?	dl4VqosBAf8
1.00	fuzzy	CODIN&RAMO/DPS	DPS #19 - CLOUT Testoasa Departe	->	DPS #19 - CLOUT Testoasa Departe	47CltzfzaHM
1.00	fuzzy	CODIN&RAMO/DPS	DPS #20 - Rechinu Superliminal Pictural	->	DPS #20 - Rechinu Superliminal Pictural	p1Tx3yymA-I
1.00	fuzzy	CODIN&RAMO/DPS	DPS #21 - Clipe din Streamul Caritabil	->	DPS #21 - Clipe din Streamul Caritabil	Dhggs6idiXA
1.00	fuzzy	CODIN&RAMO/DPS	DPS #22 - HAHAOS	->	DPS #22 - HAHAOS	x84TXlGJohs
1.00	fuzzy	CODIN&RAMO/DPS	DPS #23 - SCHMUTZ si skinuri	->	DPS #23 - SCHMUTZ si skinuri	GjAJ98h7dq8
1.00	fuzzy	CODIN&RAMO/DPS	DPS #24 - Ardem parchetu, fierbem vinu si facem shoutout catre streameri care ne plac	->	DPS #24 - Ardem parchetu, fierbem vinu si facem shoutout catre streameri care ne plac	gv95oPTABAc
1.00	fuzzy	CODIN&RAMO/DPS	DPS #25 - Si Jeleuri Picante	->	DPS #25 - Si Jeleuri Picante	glNq-D7IaZs
1.00	fuzzy	CODIN&RAMO/DPS	DPS #26 - COSMARURI DIN DESENE	->	DPS #26 - COSMARURI DIN DESENE	0vYRMzGqJok
1.00	fuzzy	CODIN&RAMO/DPS	DPS #27 - EXPERIMENTE COOLINARE	->	DPS #27 - EXPERIMENTE COOLINARE	QhBtC7ZgnPM
1.00	fuzzy	CODIN&RAMO/DPS	DPS #28 - Cu React, Povesti din State, Foto si Quick	->	DPS #28 - Cu React, Povesti din State, Foto si Quick	W1e-bOMdH58
1.00	fuzzy	CODIN&RAMO/DPS	DPS #30 Ciupercogirafa presedinte!	->	DPS #30 Ciupercogirafa presedinte!	6rbfYB9HL-0
1.00	fuzzy	CODIN&RAMO/DPS	DPS #31 Winter Recap!	->	DPS #31 Winter Recap!	6ZkfWp25hQs
1.00	fuzzy	CODIN&RAMO/DPS	DPS 32 - HaOsArE pe doua mii douaj doi	->	DPS 32 - HaOsArE pe doua mii douaj doi	V6ZtUDjlcRY
1.00	fuzzy	CODIN&RAMO/DPS	DPS 33 - Poezia de pe Elden Rift	->	DPS 33 - Poezia de pe Elden Rift	TNY_VYnZpr8
1.00	fuzzy	CODIN&RAMO/DPS	DPS 34 -  Mult prea picant 🔥	->	DPS 34 -  Mult prea picant 	N4teAvbedPM
1.00	fuzzy	CODIN&RAMO/DPS	DPS 35 - Call of Dovleci： Warzone 3	->	DPS 35 - Call of Dovleci: Warzone 3	kehI2eHT0J4
1.00	fuzzy	CODIN&RAMO/Educational	28	->	28	W5wD5jaQQGw
1.00	fuzzy	CODIN&RAMO/Educational	CM la RedSchool Brains and Talents	->	CM la RedSchool Brains and Talents	heLh9S36umc
1.00	fuzzy	CODIN&RAMO/Educational	Concurs Imagineaza-ti asta	->	CONCURS: IMAGINEAZA-TI ASTA!	Mui4yI2UqbQ
1.00	fuzzy	CODIN&RAMO/Educational	Concurs SuperCoders	->	Concurs SuperCoders	kRDBimU25n8
1.00	fuzzy	CODIN&RAMO/Educational	CONCURS： IMAGINEAZA-TI ASTA!	->	CONCURS: IMAGINEAZA-TI ASTA!	Mui4yI2UqbQ
1.00	fuzzy	CODIN&RAMO/Educational	Despre Conflictul din Siria	->	Despre Conflictul din Siria	x9SS3XK2oMA
1.00	fuzzy	CODIN&RAMO/Educational	RObotzi.Special.Acta	->	RObotzi.Special.Acta	5bQV_pdr2lI
1.00	fuzzy	CODIN&RAMO/Educational	Update Imagineaza-ti asta	->	Update "Imagineaza-ti asta"	LqPNv74d7Is
1.00	fuzzy	CODIN&RAMO/LaCafea	La Cafea - 13.04.2016	->	La Cafea - 13.04.2016	tMBznb1PKx4
1.00	fuzzy	CODIN&RAMO/LaCafea	La Cafea 04.05.2016	->	La Cafea 04.05.2016	HUSdVEyTIyM
1.00	fuzzy	CODIN&RAMO/LaCafea	La Cafea 05 05 2016	->	La Cafea 05 05 2016	hxO25TDzt-0
1.00	fuzzy	CODIN&RAMO/LaCafea	La Cafea 09.05.2016	->	La Cafea 09.05.2016	NZhVSA1Dzeg
1.00	fuzzy	CODIN&RAMO/LaCafea	La Cafea 14.04.2016	->	La Cafea 14.04.2016	b1PCnZY0n5U
1.00	fuzzy	CODIN&RAMO/LaCafea	La Cafea 15.04.2016	->	La Cafea 15.04.2016	HpG96_JZjHo
1.00	fuzzy	CODIN&RAMO/LaCafea	La Cafea 18.04.2016	->	La Cafea 18.04.2016	lxzTB3ymhKY
1.00	fuzzy	CODIN&RAMO/LaCafea	La Cafea 18.05.2016	->	La Cafea 18.05.2016	-FPIjEpa0KQ
1.00	fuzzy	CODIN&RAMO/LaCafea	La Cafea 19.04.2016	->	La Cafea 19.04.2016	0eQZzUGJrn0
1.00	fuzzy	CODIN&RAMO/LaCafea	La Cafea 21.04.2016	->	La Cafea 21.04.2016	ZOGb0v3jimY
1.00	fuzzy	CODIN&RAMO/LaCafea	La Cafea 22.04.2016	->	La Cafea 22.04.2016	7jBgPUc-3Xw
1.00	fuzzy	CODIN&RAMO/LaCafea	La Cafea 26.04.2016	->	La Cafea 26.04.2016	pDiDJtGPXvk
1.00	fuzzy	CODIN&RAMO/LaCafea	La Cafea 27.04.2016	->	La Cafea 27.04.2016	k7_rq3VmR6U
1.00	fuzzy	CODIN&RAMO/Q&A	IOBAGG - Q&A Dezvirginam 33 de intrebari	->	IOBAGG - Q&A Dezvirginam 33 de intrebari	A4nGpoSoS9I
1.00	fuzzy	CODIN&RAMO/Q&A	Q & A ❌ 30.334 de € caritate ❌ Suspendare ❌ Podcast	->	Q & A  30.334 de � caritate  Suspendare  Podcast	Z-Hh0EcSjUg
1.00	fuzzy	CODIN&RAMO/Q&A	Q&A - IN PREUNA	->	Q&A - IN PREUNA	H6yJoKTAPBY
1.00	fuzzy	CODIN&RAMO/Q&A	Q&A - Ramo isi arata pisicuta la camera X Parere 5gang the movie	->	Q&A - Ramo isi arata pisicuta la camera X Parere 5gang the movie	LyZ4AKIw_Y8
1.00	fuzzy	CODIN&RAMO/Q&A	Q&A 4K █▬█ █ ▀█▀ OFFICIAL MO SI FOCA ARATA CA OAMENI! Do you need a website？	->	Q&A 4K    OFFICIAL MO SI FOCA ARATA CA OAMENI! Do you need a website?	-B-LsBZ7uvU
1.00	fuzzy	CODIN&RAMO/Q&A	Q&A-ul ala cu teaser videoclip	->	Q&A-ul ala cu teaser videoclip	uOd9sik0cXA
1.00	fuzzy	CSP/Gameplay	Codin prin PUBG - DUO Boostat #1	->	Codin prin PUBG - DUO Boostat #1	TiE5jLWGy_A
1.00	fuzzy	IOBAGG/OUTLAST/OUTLAST2	IOBAGG joaca MINECRAFT 2	->	IOBAGG joaca MINECRAFT 2	vqwC4mC6NXI
1.00	fuzzy	IOBAGG/OUTLAST/OUTLAST2	IOBAGG joaca MINECRAFT P2	->	IOBAGG joaca MINECRAFT P2	xgffRxS4_0U
1.00	fuzzy	IOBAGG/PUBG	PUBG MOMENTE si Tutorial Shadowplay Highlights	->	PUBG MOMENTE si Tutorial Shadowplay Highlights	TMKS4m5iTWY
1.00	fuzzy	IOBAGG/Songs	IOBAGG - CABANA PUERCO RICO	->	IOBAGG - CABANA PUERCO RICO	AvEB15_y5K4
1.00	fuzzy	IOBAGG/Songs	IOBAGG - DUPA GEAMANDURA	->	IOBAGG - DUPA GEAMANDURA	s0T2bKcckDs
1.00	fuzzy	IOBAGG/Songs	IOBAGG - LENE	->	IOBAGG - LENE	HfwJfQTsCxs
1.00	fuzzy	IOBAGG/Songs	IOBAGG feat. Ninja Ramo - KKTGRS	->	IOBAGG feat. Ninja Ramo - KKTGRS	csc9Hi5nfv8
1.00	fuzzy	IOBAGG/Songs	IOBAGG X CSP - VIN	->	IOBAGG X CSP - VIN	u_CeXQrFOOU
1.00	fuzzy	IOBAGG/Songs	IOBAGG X MO X BAZOOKA - BE CU MINE	->	IOBAGG X MO X BAZOOKA - BE CU MINE	p3VhAqf8KW0
1.00	fuzzy	IOBAGG/Songs	IOBAGG x NJRAMO - IOBAGG	->	IOBAGG x NJRAMO - IOBAGG	9zOm209X7m0
1.00	fuzzy	MiEZ	MiEZ Classic 01	->	MiEZ Classic 01	cmISV9SXlHE
1.00	fuzzy	MiEZ	MiEZ Classic 02	->	MiEZ Classic 02	5ySWXpLAGTE
1.00	fuzzy	MiEZ	MiEZ Classic 04	->	MiEZ Classic 04	WsywAAZUz5Y
1.00	fuzzy	MiEZ	MiEZ Classic 05	->	MiEZ Classic 05	pK1IDe-Y_UU
1.00	fuzzy	MiEZ	MiEZ Classic 06	->	MiEZ Classic 06	YLGWbS6Tjuc
1.00	fuzzy	MiEZ	MiEZ Classic 07	->	MiEZ Classic 07	ueyn1MVqzbY
1.00	fuzzy	MiEZ	MiEZ Classic 08	->	MiEZ Classic 08	hbBI7ARBFow
1.00	fuzzy	MiEZ	MiEZ CM la Comic Con	->	MiEZ - CM la Comic Con	zrK3Kg1p-TI
1.00	fuzzy	MiEZ	MiEZ Gamescom	->	MiEZ Gamescom	v5aQtLzEeco
1.00	fuzzy	MiEZ	MiEZ Informativ	->	MiEZ Informativ	7Ntbk0HUzlE
1.00	fuzzy	MONSTRII Recomand	Monstrii Recomand 01	->	Monstrii Recomand 01	IwStiv8kBN8
1.00	fuzzy	MONSTRII Recomand	Monstrii Recomand 02	->	Monstrii Recomand 02	RLh_DrFwtkw
1.00	fuzzy	MONSTRII Recomand	Monstrii Recomand 03	->	Monstrii Recomand 03	EP2Bil9C_vg
1.00	fuzzy	NinjaRamo/Gameplay	NinjaRamo vs. 5 Nights at Freddy's 3	->	NinjaRamo vs. 5 Nights at Freddy's 3	JmIGCiFmWio
1.00	fuzzy	NinjaRamo/Muzica	IOBAGG feat. Ninja Ramo - KKTGRS	->	IOBAGG feat. Ninja Ramo - KKTGRS	csc9Hi5nfv8
1.00	fuzzy	NinjaRamo/Muzica	IOBAGG x NJRAMO - IOBAGG	->	IOBAGG x NJRAMO - IOBAGG	9zOm209X7m0
1.00	fuzzy	NinjaRamo/Muzica	IOBAGG X NJRAMO - SEFU-I SEF	->	IOBAGG X NJRAMO - SEFU-I SEF	RjZ0N8miJrU
1.00	fuzzy	NinjaRamo/Muzica	MO - Ciue Fatza Ai	->	MO - Ciue Fatza Ai	N84F3xi3jEc
1.00	fuzzy	NinjaRamo/Muzica	MO (feat.Pufoshenia) - Ler is MOre	->	MO (feat.Pufoshenia) - Ler is MOre	KmD0HuEPL-o
1.00	fuzzy	PIRAMIDA	25 - Piramida 25 - Blestemu Continua	->	Piramida 25 - Blestemu Continua	WSyS5qb8DW0
1.00	fuzzy	PIRAMIDA	26 - Piramida 26 - APA	->	Piramida 26 - APA	ETKCC1vR9SI
1.00	ep	RObotzi/Sezonul 1	s01e00	->	Robotzi S01 Ep 0 Tatuaj	Rtog93HyR3k
1.00	ep	RObotzi/Sezonul 1	s01e01	->	RObotzi.S01.Ep.1.Vin	2iCLCJifhfQ
1.00	ep	RObotzi/Sezonul 1	s01e02	->	RObotzi.S01.Ep2.Defect	teV8-IGhSt8
1.00	ep	RObotzi/Sezonul 1	s01e03	->	RObotzi.S01.Ep3.Prieten	D8kCiZGtXGM
1.00	ep	RObotzi/Sezonul 1	s01e04	->	RObotzi.S01.Ep4.Bilos	OIpRU2DZgvE
1.00	ep	RObotzi/Sezonul 1	s01e05	->	RObotzi.S01.Ep5.Intrus	IN1puDtSoXE
1.00	ep	RObotzi/Sezonul 1	s01e06	->	RObotzi.S01.Ep6.Paralele	P1M28fAPHl4
1.00	ep	RObotzi/Sezonul 1	s01e07	->	RObotzi.S01.Ep7.Tratament	ehJC3ulJ1NM
1.00	ep	RObotzi/Sezonul 1	s01e08	->	RObotzi.S01.Ep8.Huda	Jn-h49jsb5U
1.00	ep	RObotzi/Sezonul 1	s01e09	->	RObotzi.S01.Ep9.Gin	6jBzmVI6M9E
1.00	ep	RObotzi/Sezonul 1	s01e10	->	RObotzi.S01.Ep10.Pufoshenia	vRWMkpJWUas
1.00	ep	RObotzi/Sezonul 1	s01e11	->	RObotzi.S01.Ep11.Psihic	s4itGkB168Q
1.00	ep	RObotzi/Sezonul 1	s01e12	->	RObotzi.S01.Ep12.Bomba	nBrWrH2ZgUA
1.00	ep	RObotzi/Sezonul 1	s01e13	->	RObotzi.S01.Ep13.Pascal	F5hq0pLW1sA
1.00	ep	RObotzi/Sezonul 1	s01e14	->	RObotzi.S01.Ep14.Dietatietoru	f0sQkN5yFYY
1.00	ep	RObotzi/Sezonul 1	s01e15	->	RObotzi.S01.Ep15.Kidnapare	X4xVRgjdwdw
1.00	ep	RObotzi/Sezonul 1	s01e16	->	RObotzi S01 Ep16 Grim	GaHri6vcMU0
1.00	ep	RObotzi/Sezonul 1	s01e17	->	RObotzi S01 Ep17 Vocatie	s0dM0QKAEfI
1.00	ep	RObotzi/Sezonul 1	s01e18	->	RObotzi.S01.Ep18.Control	UXyC9D-UN5Y
1.00	ep	RObotzi/Sezonul 1	s01e19	->	RObotzi.S01.Ep19.Mini	gpKf4iLZo7Y
1.00	ep	RObotzi/Sezonul 1	s01e20	->	RObotzi.S01.Ep20.Mazga	LQM3sDL3lWw
1.00	ep	RObotzi/Sezonul 1	s01e21	->	RObotzi.S01.Ep21.Fredonare	uauUufxvFoY
1.00	ep	RObotzi/Sezonul 1	s01e22	->	RObotzi.S01.Ep22.Voiaj	p_GF3I13bpg
1.00	ep	RObotzi/Sezonul 1	s01e23	->	RObotzi.S01.Ep23.Destin	h_1nqGY37zM
1.00	ep	RObotzi/Sezonul 1	s01e24	->	RObotzi.S01.Ep24.Berila	alHd5WXdF9Q
1.00	ep	RObotzi/Sezonul 2	s02e01	->	RObotzi.S02.Ep1.Onomastica	LO5bHIEIXW0
1.00	ep	RObotzi/Sezonul 2	s02e02	->	RObotzi.S02.Ep2.Licurici	J_DaN7iiTh0
1.00	ep	RObotzi/Sezonul 2	s02e03	->	RObotzi.S02.Ep3.Eusebiu	5tFw9efzeCk
1.00	ep	RObotzi/Sezonul 2	s02e04	->	RObotzi.S02.Ep4.Evilos	AEF8boLiuho
1.00	ep	RObotzi/Sezonul 2	s02e05	->	RObotzi.S02.Ep5.Gogoshar	Boe9Mks2OYs
1.00	ep	RObotzi/Sezonul 2	s02e06	->	RObotzi.S02.Ep6.Beznos	chBFhZ4VcRc
1.00	ep	RObotzi/Sezonul 2	s02e07	->	RObotzi.S02.Ep7.Fomist	fdbPBBbsw3M
1.00	ep	RObotzi/Sezonul 2	s02e08	->	Robotzi.S02.Ep.8.Super	21wPWq0Crzg
1.00	ep	RObotzi/Sezonul 2	s02e09	->	RObotzi.S02.Ep9.Plictis	LXvhwJvBkyM
1.00	ep	RObotzi/Sezonul 2	s02e10	->	RObotzi.S02.Ep10.Concurs	OKZZRsOoSVU
1.00	ep	RObotzi/Sezonul 2	s02e11	->	RObotzi.S02.Ep11.Artific	QIsmIYyvEJ8
1.00	ep	RObotzi/Sezonul 2	s02e12	->	RObotzi.S02.Ep12.Reportaj	phethO_lypQ
1.00	ep	RObotzi/Sezonul 2	s02e13	->	RObotzi.S02.Ep13.Virus	67QGHDrVjtI
1.00	ep	RObotzi/Sezonul 2	s02e14	->	RObotzi.S02.Ep14.Subtil	ewPsvFyehLU
1.00	ep	RObotzi/Sezonul 2	s02e15	->	RObotzi.S02.Ep15.Datorie	OYwAqxB1QFs
1.00	ep	RObotzi/Sezonul 2	s02e16	->	RObotzi.S02.Ep16.Fuflet	mbp3GDYfQ7k
1.00	ep	RObotzi/Sezonul 2	s02e17	->	RObotzi.S02.Ep17.OZN	TaGN30OHqVs
1.00	ep	RObotzi/Sezonul 2	s02e18	->	RObotzi.S02.Ep18.Proportie	dmRU1Ii4a64
1.00	ep	RObotzi/Sezonul 2	s02e19	->	RObotzi.S02.Ep19.Mat	lU5G5j6ynBw
1.00	ep	RObotzi/Sezonul 2	s02e20	->	RObotzi.S02.Ep20.Martisor	HB1eZV1jM8Q
1.00	ep	RObotzi/Sezonul 2	s02e21	->	RObotzi.S02.Ep21.Terasa	aYPFHoO-Ae0
1.00	ep	RObotzi/Sezonul 2	s02e22	->	RObotzi.S02.Ep22.Pornache	TUhBH13qMM4
1.00	ep	RObotzi/Sezonul 2	s02e23	->	RObotzi.S02.Ep23.Banile	ziUoUX8DkPw
1.00	ep	RObotzi/Sezonul 3	s03e01	->	RObotzi.S03.Ep1.Pseudoname	dbc3IcNSO1M
1.00	ep	RObotzi/Sezonul 3	s03e02	->	RObotzi.S03.Ep02.Boboleu	KSSoALMXq34
1.00	ep	RObotzi/Sezonul 3	s03e03	->	RObotzi.S03.Ep3.Hobby	o0Ei81re1Ao
1.00	ep	RObotzi/Sezonul 3	s03e04	->	RObotzi.S03.Ep4.Proiect	8Xi-cKelEZQ
1.00	ep	RObotzi/Sezonul 3	s03e05	->	RObotzi S03 Ep5 Colet	VRQuosybr6I
1.00	ep	RObotzi/Sezonul 3	s03e06	->	RObotzi.S03.Ep6.Desert	CNkEhzyEURA
1.00	ep	RObotzi/Sezonul 3	s03e07	->	RObotzi.S03.Ep7.Prezentare	-HJnWV82YUM
1.00	ep	RObotzi/Sezonul 3	s03e08	->	RObotzi.S03.Ep8.Comoara	Jyvp6CqpFPU
1.00	ep	RObotzi/Sezonul 3	s03e09	->	RObotzi.S03.Ep09.Jaf	WE1dUfke3qs
1.00	ep	RObotzi/Sezonul 3	s03e10	->	RObotzi.S03.Ep10.Mascarada	Q1jPRBiOfGk
1.00	ep	RObotzi/Sezonul 3	s03e11	->	RObotzi.S03.Ep11.Sejur	YslwEChToHw
1.00	ep	RObotzi/Sezonul 3	s03e12	->	RObotzi.S03.Ep12.Speis	c08kbQkQF7A
1.00	ep	RObotzi/Sezonul 3	s03e13	->	RObotzi.S03.Ep13.Sugstanta	4z0WmWUT2rM
1.00	ep	RObotzi/Sezonul 3	s03e14	->	RObotzi.S03.Ep14.Macheciau	7wTt7Zs48mY
1.00	ep	RObotzi/Sezonul 3	s03e15	->	RObotzi.S03.Ep15.Piftel	8wQh-Zvec44
1.00	ep	RObotzi/Sezonul 3	s03e16	->	RObotzi.S03.Ep16.Varcolac	4J-XwyiJkRQ
1.00	ep	RObotzi/Sezonul 3	s03e17	->	RObotzi.S03.Ep17.Condiment	QlnvgD81zag
1.00	ep	RObotzi/Sezonul 3	s03e18	->	RObotzi.S03.Ep18.Nicolae	ObKGIf_40Jw
1.00	ep	RObotzi/Sezonul 3	s03e20	->	RObotzi.S03.Ep20.Meserie	o-kKQJo-uIQ
1.00	ep	RObotzi/Sezonul 3	s03e21	->	RObotzi.S03.Ep21.Atractie	7hfvk4CoJy0
1.00	ep	RObotzi/Sezonul 3	s03e22	->	RObotzi.S03.Ep22.Solutie	K8r7l290T3o
1.00	ep	RObotzi/Sezonul 3	s03e23	->	RObotzi.S03.Ep23.Star	QupsvH-W-YE
1.00	ep	RObotzi/Sezonul 4	s04e01	->	RObotzi.S04.Ep01.Sageata	H0UyP5_37Ic
1.00	ep	RObotzi/Sezonul 4	s04e02	->	RObotzi.S04.Ep02.Binoclu	JEB95xws9Dk
1.00	ep	RObotzi/Sezonul 4	s04e04	->	RObotzi.S04.Ep04.Skater	o2_BKEVb5pU
1.00	ep	RObotzi/Sezonul 4	s04e06	->	RObotzi.S04.Ep06.Inventie	D7UkOe2_H9s
1.00	ep	RObotzi/Sezonul 4	s04e07	->	RObotzi.S04.Ep07.Nevazut	Zwz-DP7BuPo
1.00	ep	RObotzi/Sezonul 4	s04e08	->	RObotzi.S04.Ep08.Pedeapsa	g6yVnkv-d0w
1.00	ep	RObotzi/Sezonul 4	s04e09	->	RObotzi.S04.Ep09.Parci	k42FQM7TrG4
1.00	ep	RObotzi/Sezonul 4	s04e10	->	RObotzi.S04.Ep10.Craciun	-juDAPNv0dQ
1.00	ep	RObotzi/Sezonul 4	s04e11	->	RObotzi.S04.Ep11.Cap	cXqKl0j7Pfc
1.00	ep	RObotzi/Sezonul 4	s04e12	->	RObotzi.S04.Ep12.MOda	LOc8JDRNQWA
1.00	ep	RObotzi/Sezonul 4	s04e13	->	RObotzi.S04.Ep13.Vlog	RoqF138J-1c
1.00	ep	RObotzi/Sezonul 4	s04e14	->	RObotzi.S04.Ep14.Cuvinte	d4-r7SEcaAM
1.00	ep	RObotzi/Sezonul 4	s04e15	->	RObotzi.S04.Ep15.Comic	ekhkqWCRIlA
1.00	ep	RObotzi/Sezonul 4	s04e16	->	RObotzi.S04.Ep16.Examen	7NJCwxCLklg
1.00	ep	RObotzi/Sezonul 4	s04e17	->	RObotzi.S04.Ep17.Planeta	4ql0xDyJuZU
1.00	ep	RObotzi/Sezonul 4	s04e19	->	RObotzi.S04.Ep19.Truc	7hYhQssXjN8
1.00	ep	RObotzi/Sezonul 4	s04e20	->	RObotzi.S04.Ep20.Seama	Blu_ql4fBhI
1.00	ep	RObotzi/Sezonul 4	s04e21	->	RObotzi.S04.Ep21.Val	UazjFVB5Xn0
1.00	ep	RObotzi/Sezonul 4	s04e22	->	RObotzi.S04.Ep22.Inghet	QtzMLGNOTI8
1.00	ep	RObotzi/Sezonul 4	s04e23	->	RObotzi.S04.Ep23.Poker	a9xJVeToCzY
1.00	ep	RObotzi/Sezonul 4	s04e24	->	RObotzi.S04.Ep24.Hipnoza	md3yP7xTl78
1.00	ep	RObotzi/Sezonul 5	s05e01	->	RObotzi.S05.Ep01.Copac	iBpX8tzgOlg
1.00	ep	RObotzi/Sezonul 5	s05e02	->	RObotzi.S05.Ep02.Fin	nIkbfnNUaQM
1.00	ep	RObotzi/Sezonul 5	s05e03	->	RObotzi.S05.Ep03.Somn	ldIRps48T3E
1.00	ep	RObotzi/Sezonul 5	s05e04	->	RObotzi.S05.Ep04.Curent	knjvTmagZYA
1.00	ep	RObotzi/Sezonul 5	s05e05	->	RObotzi.S05.Ep05.Deratizare	40v7RgRSfuc
1.00	ep	RObotzi/Sezonul 5	s05e06	->	RObotzi.S05.Ep.06.OM	-O2uQCKV4H4
1.00	ep	RObotzi/Sezonul 5	s05e07	->	RObotzi.S05EP07.BAC 	ikChB5YxqfY
1.00	ep	RObotzi/Sezonul 5	s05e08	->	RObotzi.S05.Ep08.COCA	1KWrWNZ6I8w
1.00	ep	RObotzi/Sezonul 5	s05e09	->	RObotzi.S05.Ep09.COVIDEL	tFA6KWDs_aE
1.00	ep	RObotzi/Sezonul 5	s05e10	->	RObotzi.S05.Ep10.COVIDEL 2	euFDVPdYiMk
1.00	ep	RObotzi/Sezonul 5	s05e11	->	RObotzi.S05.Ep11.CUPIDRONA	2DdERYZ7h5U
1.00	ep	RObotzi/Sezonul 5	s05e12	->	RObotzi.S05.Ep12.TREN	eWOaFHZ1NgA
1.00	ep	RObotzi/Sezonul 5	s05e13	->	RObotzi.S05.Ep13.Jniti	jntAF_Oso3U
1.00	ep	RObotzi/Sezonul 5	s05e14	->	RObotzi.S05.Ep14.1Mai	9xZyss2AfoI
1.00	ep	RObotzi/Sezonul 5	s05e15	->	RObotzi.S05.Ep15.TIKTOK	PXzsLTL8ewk